ffs_quartile,avg_bid_competitive,avg_bid_uncompetitive,diff_uncomp_minus_comp,n_counties
1,799.1858028735422,787.9072853397282,-11.27851753381401,483
2,828.6622705929752,823.1988526194561,-5.4634179735190855,482
3,834.3095607938917,821.0783666595325,-13.231194134359157,482
4,850.8799806450396,833.8008478780702,-17.07913276696945,482
