year,avg_hhi
2014,0.00719406415538759
2015,0.007127782775532025
2016,0.007669817466717454
2017,0.007764232186018107
2018,0.007704908117899151
2019,0.007206204620171836
