year,avg_share
2014,0.22705530278756808
2015,0.22519367588932807
2016,0.2435821794871795
2017,0.25155084637496006
2018,0.2592108737244898
2019,0.2933162273737695
