year,hhi
2014,2746.6074576079313
2015,4048662.0
2016,2573.0875381576743
2017,2105.2055646303006
2018,2036.0801979094806
2019,4021476.999999999
