year,ma_share,traditional_share,ma_share_pct
2014,0.27715701784105407,0.7228429821589459,27.7
2015,0.3446138594696419,0.655386140530358,34.5
2016,0.3576456657627669,0.6423543342372331,35.8
2017,0.37622476921344095,0.623775230786559,37.6
2018,0.4385784153224241,0.5614215846775759,43.9
2019,0.46015249044302337,0.5398475095569766,46.0
